﻿<?xml version="1.0" encoding="utf-8"?>
<RadDock MdiChildrenDockType="ToolWindow" Padding="0, 0, 0, 0" SplitterWidth="8" IsCleanUpTarget="True" Orientation="Horizontal" EnableCollapsing="True" CausesValidation="False" TabIndex="39" TabStop="False">
  <SerializableAutoHideContainer>
    <LeftAutoHideGroups>
      <Telerik.WinControls.UI.Docking.AutoHideGroup>
        <Windows>
          <Telerik.WinControls.UI.Docking.DockWindowPlaceholder AutoHideSize="250, 250" DockWindowName="Frequency Manager" DockWindowText="Frequency Manager *" PreviousDockState="Docked" Location="0, 0" Font="Segoe UI, 9pt" />
        </Windows>
      </Telerik.WinControls.UI.Docking.AutoHideGroup>
    </LeftAutoHideGroups>
  </SerializableAutoHideContainer>
  <SerializableFloatingWindows>
    <Telerik.WinControls.UI.Docking.SerializableFloatingWindow BackColor="Black" Location="1078, 802" ClientSize="292, 267" ZIndex="1" WindowState="Normal">
      <DockContainer Orientation="Vertical" SplitterWidth="8" Collapsed="True" ThemeName="FluentDark" Dock="Fill" Location="0, 0" Name="" Size="292, 267" TabIndex="0" TabStop="False">
        <SizeInfo SplitterCorrection="0, 0" AutoSizeScale="0, 0" />
        <Controls>
          <Telerik.WinControls.UI.Docking.ToolTabStrip CanUpdateChildIndex="True" Size="292, 267" Location="0, 0" ThemeName="FluentDark" Name="DockTabStrip11" TabIndex="0" TabStop="False">
            <SizeInfo SplitterCorrection="0, -224" AutoSizeScale="0, -0.029234976" AbsoluteSize="250, 250" />
          </Telerik.WinControls.UI.Docking.ToolTabStrip>
        </Controls>
      </DockContainer>
    </Telerik.WinControls.UI.Docking.SerializableFloatingWindow>
    <Telerik.WinControls.UI.Docking.SerializableFloatingWindow BackColor="Black" Location="1353, 598" ClientSize="292, 267" ZIndex="2" WindowState="Normal">
      <DockContainer Orientation="Vertical" SplitterWidth="8" Collapsed="True" ThemeName="FluentDark" Dock="Fill" Location="0, 0" Name="" Size="292, 267" TabIndex="0" TabStop="False">
        <SizeInfo SplitterCorrection="0, 0" AutoSizeScale="0, 0" />
        <Controls>
          <Telerik.WinControls.UI.Docking.ToolTabStrip CanUpdateChildIndex="True" Size="292, 267" Location="0, 0" ThemeName="FluentDark" Name="DockTabStrip15" TabIndex="0" TabStop="False">
            <SizeInfo SplitterCorrection="0, 192" AutoSizeScale="0, -0.09001784" AbsoluteSize="250, 250" />
          </Telerik.WinControls.UI.Docking.ToolTabStrip>
        </Controls>
      </DockContainer>
    </Telerik.WinControls.UI.Docking.SerializableFloatingWindow>
    <Telerik.WinControls.UI.Docking.SerializableFloatingWindow BackColor="Black" Location="616, 564" ClientSize="292, 267" ZIndex="3" WindowState="Normal">
      <DockContainer Orientation="Vertical" SplitterWidth="8" Collapsed="True" ThemeName="FluentDark" Dock="Fill" Location="0, 0" Name="" Size="292, 267" TabIndex="0" TabStop="False">
        <SizeInfo SplitterCorrection="0, 0" AutoSizeScale="0, 0" />
        <Controls>
          <Telerik.WinControls.UI.Docking.ToolTabStrip CanUpdateChildIndex="True" Size="292, 267" Location="0, 0" ThemeName="FluentDark" Name="DockTabStrip17" TabIndex="0" TabStop="False">
            <SizeInfo SplitterCorrection="0, 0" AutoSizeScale="-0.2637051, 0" AbsoluteSize="250, 250" />
          </Telerik.WinControls.UI.Docking.ToolTabStrip>
        </Controls>
      </DockContainer>
    </Telerik.WinControls.UI.Docking.SerializableFloatingWindow>
  </SerializableFloatingWindows>
  <Controls>
    <Telerik.WinControls.UI.RadSplitContainer IsCleanUpTarget="True" Orientation="Vertical" SplitterWidth="8" ThemeName="FluentDark" CausesValidation="False" Location="28, 0" Name="" Size="1445, 764" TabIndex="0" TabStop="False">
      <SizeInfo SplitterCorrection="0, 0" AutoSizeScale="0, 0" />
      <Controls>
        <Telerik.WinControls.UI.RadSplitContainer IsCleanUpTarget="True" Orientation="Horizontal" SplitterWidth="8" ThemeName="FluentDark" Location="0, 0" Name="" Size="250, 764" TabIndex="1" TabStop="False">
          <SizeInfo SplitterCorrection="0, -147" AutoSizeScale="0, -0.0462963" AbsoluteSize="250, 699" />
          <Controls>
            <Telerik.WinControls.UI.Docking.ToolTabStrip SelectedIndex="0" CanUpdateChildIndex="True" Size="250, 344" Location="0, 0" ThemeName="FluentDark" Name="DockTabStrip12" TabIndex="1" TabStop="False">
              <SizeInfo SplitterCorrection="0, -148" AutoSizeScale="0, -0.044973552" AbsoluteSize="250, 699" />
              <Controls>
                <Telerik.WinControls.UI.Docking.ToolWindow Caption="" AllowedDockState="Docked, Hidden, AutoHide, Floating" PreviousDockState="Docked" Name="radioToolWindow" Size="242, 306" Location="4, 34" AutoScroll="True" Font="Segoe UI, 9pt" Text="Radio" />
              </Controls>
            </Telerik.WinControls.UI.Docking.ToolTabStrip>
            <Telerik.WinControls.UI.Docking.ToolTabStrip SelectedIndex="0" CanUpdateChildIndex="True" Size="250, 412" Location="0, 352" ThemeName="FluentDark" Name="DockTabStrip14" TabIndex="2" TabStop="False">
              <SizeInfo SplitterCorrection="0, 215" AutoSizeScale="0, 0.044973552" AbsoluteSize="250, 699" />
              <Controls>
                <Telerik.WinControls.UI.Docking.ToolWindow Caption="" AllowedDockState="Docked, Hidden, AutoHide, Floating" PreviousDockState="Docked" Name="sourceToolWindow" Size="242, 374" Location="4, 34" AutoScroll="True" Font="Microsoft Sans Serif, 8.25pt" Text="Source: Baseband File (*.wav)" />
              </Controls>
            </Telerik.WinControls.UI.Docking.ToolTabStrip>
          </Controls>
        </Telerik.WinControls.UI.RadSplitContainer>
        <Telerik.WinControls.UI.RadSplitContainer IsCleanUpTarget="True" Orientation="Horizontal" SplitterWidth="8" Collapsed="True" ThemeName="FluentDark" Location="258, 0" Name="" Size="285, 764" TabIndex="17" TabStop="False">
          <SizeInfo SplitterCorrection="35, 0" AutoSizeScale="-0.23756906, 0" AbsoluteSize="285, 250" />
          <Controls>
            <Telerik.WinControls.UI.Docking.ToolTabStrip CanUpdateChildIndex="True" Size="285, 234" Location="0, 0" ThemeName="FluentDark" Name="DockTabStrip30" TabIndex="0" TabStop="False">
              <SizeInfo SplitterCorrection="0, -71" AutoSizeScale="0, -0.02103825" AbsoluteSize="250, 250" />
              <Controls>
                <Telerik.WinControls.UI.Docking.ToolWindow Caption="" AllowedDockState="Docked, Hidden, AutoHide, Floating" PreviousDockState="Docked" DesiredDockState="Hidden" Name="IF Noise Reduction" Size="277, 173" Location="4, 34" AutoScroll="True" Font="Segoe UI, 9pt" Text="IF Noise Reduction *" />
                <Telerik.WinControls.UI.Docking.ToolWindow Caption="" AllowedDockState="Docked, Hidden, AutoHide, Floating" PreviousDockState="Docked" DesiredDockState="Hidden" Name="AF Noise Reduction" Size="277, 196" Location="4, 34" AutoScroll="True" Font="Segoe UI, 9pt" Text="AF Noise Reduction *" />
              </Controls>
            </Telerik.WinControls.UI.Docking.ToolTabStrip>
            <Telerik.WinControls.UI.Docking.ToolTabStrip CanUpdateChildIndex="True" Size="285, 395" Location="0, 0" ThemeName="FluentDark" Name="DockTabStrip32" TabIndex="0" TabStop="False">
              <SizeInfo SplitterCorrection="218, 143" AutoSizeScale="0, 0.022677585" AbsoluteSize="468, 250" />
              <Controls>
                <Telerik.WinControls.UI.Docking.ToolWindow Caption="" AllowedDockState="Docked, Hidden, AutoHide, Floating" PreviousDockState="Docked" DesiredDockState="Hidden" Name="AM CoChannel Canceller" Size="277, 357" Location="4, 34" AutoScroll="True" Font="Segoe UI, 9pt" Text="AM Co-Channel Canceller *" />
                <Telerik.WinControls.UI.Docking.ToolWindow Caption="" AllowedDockState="Docked, Hidden, AutoHide, Floating" PreviousDockState="Docked" DesiredDockState="Hidden" Name="FM CoChannel Canceller" Size="277, 334" Location="4, 34" AutoScroll="True" Font="Segoe UI, 9pt" Text="FM Co-Channel Canceller *" />
              </Controls>
            </Telerik.WinControls.UI.Docking.ToolTabStrip>
            <Telerik.WinControls.UI.Docking.ToolTabStrip CanUpdateChildIndex="True" Size="285, 764" Location="0, 0" ThemeName="FluentDark" Name="DockTabStrip34" TabIndex="0" TabStop="False">
              <SizeInfo SplitterCorrection="0, 18" AutoSizeScale="0, -0.001912564" AbsoluteSize="250, 250" />
              <Controls>
                <Telerik.WinControls.UI.Docking.ToolWindow Caption="" AllowedDockState="Docked, Hidden, AutoHide, Floating" PreviousDockState="Docked" DesiredDockState="Hidden" Name="AF Noise Blanker" Size="277, 726" Location="4, 34" AutoScroll="True" Font="Segoe UI, 9pt" Text="AF Noise Blanker *" />
                <Telerik.WinControls.UI.Docking.ToolWindow Caption="" AllowedDockState="Docked, Hidden, AutoHide, Floating" PreviousDockState="Docked" DesiredDockState="Hidden" Name="IF Noise Blanker" Size="277, 703" Location="4, 34" AutoScroll="True" Font="Segoe UI, 9pt" Text="IF Noise Blanker *" />
                <Telerik.WinControls.UI.Docking.ToolWindow Caption="" AllowedDockState="Docked, Hidden, AutoHide, Floating" PreviousDockState="Docked" DesiredDockState="Hidden" Name="BB Noise Blanker" Size="277, 703" Location="4, 34" AutoScroll="True" Font="Segoe UI, 9pt" Text="BB Noise Blanker *" />
              </Controls>
            </Telerik.WinControls.UI.Docking.ToolTabStrip>
          </Controls>
        </Telerik.WinControls.UI.RadSplitContainer>
        <Telerik.WinControls.UI.Docking.ToolTabStrip CanUpdateChildIndex="True" Size="250, 764" Location="258, 0" ThemeName="FluentDark" Name="DockTabStrip18" TabIndex="21" TabStop="False">
          <SizeInfo SplitterCorrection="0, 0" AutoSizeScale="-0.2637051, 0" AbsoluteSize="250, 250" />
          <Controls>
            <Telerik.WinControls.UI.Docking.ToolWindow Caption="" AllowedDockState="Docked, Hidden, AutoHide, Floating" PreviousDockState="Docked" Name="Frequency Manager" Size="239, 722" Location="4, 38" AutoScroll="True" Font="Segoe UI, 9pt" Text="Frequency Manager *" />
          </Controls>
        </Telerik.WinControls.UI.Docking.ToolTabStrip>
        <Telerik.WinControls.UI.Docking.DocumentContainer IsMainDocumentContainer="True" Padding="0, 0, 0, 0" SplitterWidth="8" TabIndex="2" Orientation="Vertical" ThemeName="FluentDark" CausesValidation="False" Name="mainDocumentContainer" RightToLeft="No">
          <SizeInfo SplitterCorrection="-694, 0" AutoSizeScale="0, 0" SizeMode="Fill" AbsoluteSize="523, 200" />
          <Controls>
            <Telerik.WinControls.UI.Docking.DocumentTabStrip SelectedIndex="0" TabStripVisible="False" CanUpdateChildIndex="True" Size="1187, 764" Location="0, 0" ThemeName="FluentDark" CausesValidation="False" Name="mainDocumentTabStrip" TabIndex="0" TabStop="False">
              <SizeInfo SplitterCorrection="0, 0" AutoSizeScale="0, 0" />
              <Controls>
                <Telerik.WinControls.UI.Docking.DocumentWindow IsPinned="False" CloseAction="Hide" PreviousDockState="TabbedDocument" Name="mainDocumentWindow" Size="1175, 752" Location="5, 5" Font="Microsoft Sans Serif, 8.25pt" Text="Main Spectrum View" />
              </Controls>
            </Telerik.WinControls.UI.Docking.DocumentTabStrip>
          </Controls>
        </Telerik.WinControls.UI.Docking.DocumentContainer>
        <Telerik.WinControls.UI.RadSplitContainer IsCleanUpTarget="True" Orientation="Horizontal" SplitterWidth="8" Collapsed="True" ThemeName="FluentDark" Location="1195, 0" Name="" Size="250, 764" TabIndex="19" TabStop="False">
          <SizeInfo SplitterCorrection="0, 0" AutoSizeScale="0, 0" AbsoluteSize="250, 250" />
          <Controls>
            <Telerik.WinControls.UI.Docking.ToolTabStrip CanUpdateChildIndex="True" Size="250, 143" Location="0, 0" ThemeName="FluentDark" Name="DockTabStrip36" TabIndex="5" TabStop="False">
              <SizeInfo SplitterCorrection="0, -43" AutoSizeScale="0, -0.05675675" AbsoluteSize="250, 250" />
              <Controls>
                <Telerik.WinControls.UI.Docking.ToolWindow Caption="" AllowedDockState="Docked, Hidden, AutoHide, Floating" PreviousDockState="Docked" DesiredDockState="Hidden" Name="SNR Logger" Size="242, 105" Location="4, 34" AutoScroll="True" Font="Segoe UI, 9pt" Text="SNR Logger *" />
              </Controls>
            </Telerik.WinControls.UI.Docking.ToolTabStrip>
            <Telerik.WinControls.UI.Docking.ToolTabStrip CanUpdateChildIndex="True" Size="250, 318" Location="0, 0" ThemeName="FluentDark" Name="DockTabStrip12" TabIndex="6" TabStop="False">
              <SizeInfo SplitterCorrection="0, 68" AutoSizeScale="0, 0.091891885" AbsoluteSize="250, 250" />
              <Controls>
                <Telerik.WinControls.UI.Docking.ToolWindow Caption="" AllowedDockState="Docked, Hidden, AutoHide, Floating" PreviousDockState="Docked" DesiredDockState="Hidden" Name="Signal Diagnostics" Size="242, 280" Location="4, 34" AutoScroll="True" Font="Segoe UI, 9pt" Text="Signal Diagnostics *" />
              </Controls>
            </Telerik.WinControls.UI.Docking.ToolTabStrip>
            <Telerik.WinControls.UI.Docking.ToolTabStrip CanUpdateChildIndex="True" Size="250, 351" Location="0, 0" ThemeName="FluentDark" Name="DockTabStrip14" TabIndex="7" TabStop="False">
              <SizeInfo SplitterCorrection="0, -25" AutoSizeScale="0, -0.035135135" AbsoluteSize="250, 250" />
              <Controls>
                <Telerik.WinControls.UI.Docking.ToolWindow Caption="" AllowedDockState="Docked, Hidden, AutoHide, Floating" PreviousDockState="Docked" DesiredDockState="Hidden" Name="Band Plan" Size="242, 313" Location="4, 34" AutoScroll="True" Font="Segoe UI, 9pt" Text="Band Plan *" />
              </Controls>
            </Telerik.WinControls.UI.Docking.ToolTabStrip>
            <Telerik.WinControls.UI.Docking.ToolTabStrip CanUpdateChildIndex="True" Size="250, 764" Location="0, 0" ThemeName="FluentDark" Name="DockTabStrip12" TabIndex="8" TabStop="False">
              <SizeInfo SplitterCorrection="0, -224" AutoSizeScale="0, 0" AbsoluteSize="250, 250" />
              <Controls>
                <Telerik.WinControls.UI.Docking.ToolWindow Caption="" AllowedDockState="Docked, Hidden, AutoHide, Floating" PreviousDockState="Docked" DesiredDockState="Hidden" Name="Zoom FFT" Size="242, 726" Location="4, 34" AutoScroll="True" Font="Segoe UI, 9pt" Text="Zoom FFT *" />
              </Controls>
            </Telerik.WinControls.UI.Docking.ToolTabStrip>
          </Controls>
        </Telerik.WinControls.UI.RadSplitContainer>
        <Telerik.WinControls.UI.RadSplitContainer IsCleanUpTarget="True" Orientation="Horizontal" SplitterWidth="8" Collapsed="True" ThemeName="FluentDark" CausesValidation="False" Location="1195, 0" Name="" Size="250, 764" TabIndex="20" TabStop="False">
          <SizeInfo SplitterCorrection="0, 0" AutoSizeScale="0, 0" AbsoluteSize="250, 699" />
          <Controls>
            <Telerik.WinControls.UI.Docking.ToolTabStrip CanUpdateChildIndex="True" Size="250, 153" Location="0, 0" ThemeName="FluentDark" Name="DockTabStrip16" TabIndex="8" TabStop="False">
              <SizeInfo SplitterCorrection="0, -33" AutoSizeScale="0, -0.043243244" AbsoluteSize="250, 699" />
              <Controls>
                <Telerik.WinControls.UI.Docking.ToolWindow Caption="" AllowedDockState="Docked, Hidden, AutoHide, Floating" PreviousDockState="Docked" DesiredDockState="Hidden" Name="agcToolWindow" Size="242, 115" Location="4, 34" AutoScroll="True" Font="Microsoft Sans Serif, 8.25pt" Text="AGC" />
              </Controls>
            </Telerik.WinControls.UI.Docking.ToolTabStrip>
            <Telerik.WinControls.UI.Docking.ToolTabStrip CanUpdateChildIndex="True" Size="250, 247" Location="0, 0" ThemeName="FluentDark" Name="DockTabStrip7" TabIndex="7" TabStop="False">
              <SizeInfo SplitterCorrection="0, -2" AutoSizeScale="0, -0.002702698" AbsoluteSize="250, 699" />
              <Controls>
                <Telerik.WinControls.UI.Docking.ToolWindow Caption="" AllowedDockState="Docked, Hidden, AutoHide, Floating" PreviousDockState="Docked" DesiredDockState="Hidden" Name="audioToolWindow" Size="242, 209" Location="4, 34" AutoScroll="True" Font="Microsoft Sans Serif, 8.25pt" Text="Audio" />
              </Controls>
            </Telerik.WinControls.UI.Docking.ToolTabStrip>
            <Telerik.WinControls.UI.Docking.ToolTabStrip CanUpdateChildIndex="True" Size="250, 313" Location="0, 0" ThemeName="FluentDark" Name="DockTabStrip16" TabIndex="10" TabStop="False">
              <SizeInfo SplitterCorrection="0, 195" AutoSizeScale="0, -0.08648649" AbsoluteSize="250, 250" />
              <Controls>
                <Telerik.WinControls.UI.Docking.ToolWindow Caption="" AllowedDockState="Docked, Hidden, AutoHide, Floating" PreviousDockState="Docked" DesiredDockState="Hidden" Name="Wave Recorder" Size="242, 275" Location="4, 34" AutoScroll="True" Font="Segoe UI, 9pt" Text="Recording *" />
              </Controls>
            </Telerik.WinControls.UI.Docking.ToolTabStrip>
            <Telerik.WinControls.UI.Docking.ToolTabStrip CanUpdateChildIndex="True" Size="250, 764" Location="0, 0" ThemeName="FluentDark" Name="DockTabStrip18" TabIndex="9" TabStop="False">
              <SizeInfo SplitterCorrection="0, 32" AutoSizeScale="0, 0.13243243" AbsoluteSize="250, 699" />
              <Controls>
                <Telerik.WinControls.UI.Docking.ToolWindow Caption="" AllowedDockState="Docked, Hidden, AutoHide, Floating" PreviousDockState="Docked" DesiredDockState="Hidden" Name="displayToolWindow" Size="242, 726" Location="4, 34" AutoScroll="True" Font="Microsoft Sans Serif, 8.25pt" Text="Display" />
              </Controls>
            </Telerik.WinControls.UI.Docking.ToolTabStrip>
          </Controls>
        </Telerik.WinControls.UI.RadSplitContainer>
      </Controls>
    </Telerik.WinControls.UI.RadSplitContainer>
    <Telerik.WinControls.UI.RadSplitContainer IsCleanUpTarget="True" Orientation="Vertical" SplitterWidth="8" Collapsed="True" ThemeName="FluentDark" Location="0, 564" Name="" Size="1473, 200" TabIndex="1" TabStop="False">
      <SizeInfo SplitterCorrection="0, 0" AutoSizeScale="0, 0" />
      <Controls>
        <Telerik.WinControls.UI.Docking.ToolTabStrip CanUpdateChildIndex="True" Size="1473, 200" Location="0, 0" ThemeName="FluentDark" Name="DockTabStrip8" TabIndex="1" TabStop="False">
          <SizeInfo SplitterCorrection="0, 0" AutoSizeScale="0, 0" />
          <Controls>
            <Telerik.WinControls.UI.Docking.ToolWindow Caption="IF Spectrum *" AllowedDockState="Docked, Hidden, Floating" PreviousDockState="Docked" DesiredDockState="Hidden" Name="SDRSharp.PanView.dll/SDRSharp.PanView.SpectrumAnalyzer/IF Spectrum */1" Size="1465, 162" Location="4, 34" AutoScroll="True" Font="Segoe UI, 9pt" Text="IF Spectrum *" />
          </Controls>
        </Telerik.WinControls.UI.Docking.ToolTabStrip>
        <Telerik.WinControls.UI.Docking.ToolTabStrip CanUpdateChildIndex="True" Size="733, 200" Location="740, 0" ThemeName="FluentDark" Name="DockTabStrip9" TabIndex="2" TabStop="False">
          <SizeInfo SplitterCorrection="0, 0" AutoSizeScale="0, 0" />
          <Controls>
            <Telerik.WinControls.UI.Docking.ToolWindow Caption="FM MPX Spectrum *" AllowedDockState="Docked, Hidden, Floating" PreviousDockState="Docked" DesiredDockState="Hidden" Name="SDRSharp.PanView.dll/SDRSharp.PanView.SpectrumAnalyzer/FM MPX Spectrum */1" Size="725, 162" Location="4, 34" AutoScroll="True" Font="Segoe UI, 9pt" Text="FM MPX Spectrum *" />
          </Controls>
        </Telerik.WinControls.UI.Docking.ToolTabStrip>
        <Telerik.WinControls.UI.Docking.ToolTabStrip CanUpdateChildIndex="True" Size="485, 200" Location="988, 0" ThemeName="FluentDark" Name="DockTabStrip10" TabIndex="3" TabStop="False">
          <SizeInfo SplitterCorrection="0, 0" AutoSizeScale="0, 0" />
          <Controls>
            <Telerik.WinControls.UI.Docking.ToolWindow Caption="Audio Spectrum *" AllowedDockState="Docked, Hidden, Floating" PreviousDockState="Docked" DesiredDockState="Hidden" Name="SDRSharp.PanView.dll/SDRSharp.PanView.SpectrumAnalyzer/Audio Spectrum */1" Size="477, 162" Location="4, 34" AutoScroll="True" Font="Segoe UI, 9pt" Text="Audio Spectrum *" />
          </Controls>
        </Telerik.WinControls.UI.Docking.ToolTabStrip>
      </Controls>
    </Telerik.WinControls.UI.RadSplitContainer>
  </Controls>
</RadDock>